Time,sensor1,sensor2,sensor3,sensor4,sensor5,sensor6,sensor7,sensor8,Label
316.703,,,547,,1437,699,,,0
317.25,,,548,,1424,696,,,0
317.797,,,548,,1422,697,,,0
318.454,,,550,,1426,697,,,0
319,,,549,,1425,697,,,0
0.503,,,753,,1706,1683,,,1
1.051,,,752,,1703,1683,,,1
1.598,,,751,,1701,1681,,,1
2.253,,,751,,1699,1677,,,1
2.8,,,751,,1699,1682,,,1
36.432,,,193,,1049,668,,,2
36.542,,,193,,1049,668,,,2
37.09,,,188,,1051,668,,,2
37.636,,,192,,1050,668,,,2
38.182,,,191,,1041,668,,,2
325.063,,,164,,1018,664,,,2
325.608,,,162,,1018,662,,,2
326.264,,,163,,1018,663,,,2
326.812,,,162,,1020,664,,,2
327.359,,,163,,1032,663,,,2
